Customer ID,Recency,Frequency,Monetary,Profit,Quantity,Cluster,Segment
AA-10315,185,5,5563.56,-362.8825,30,0,Low Value
AA-10375,20,9,1056.39,277.3824,41,3,Regular
AA-10480,260,4,1790.5120000000002,435.8274,36,0,Low Value
AA-10645,56,6,5086.9349999999995,857.8033,64,3,Regular
AB-10015,416,3,886.156,129.3465,13,1,At-Risk
AB-10060,55,8,7755.62,2054.5885,56,2,High Value
AB-10105,42,10,14473.570999999998,5444.8055,73,2,High Value
AB-10150,42,5,966.71,313.6597,37,0,Low Value
AB-10165,26,8,1113.838,220.813,48,3,Regular
AB-10255,167,9,914.5319999999999,264.5675,39,3,Regular
AB-10600,51,4,1515.862,-274.9604,38,0,Low Value
AC-10420,233,3,925.8,-62.1342,17,0,Low Value
AC-10450,12,7,5527.846,1366.0098,43,3,Regular
AC-10615,7,5,2537.6859999999997,298.8273,59,0,Low Value
AC-10660,283,5,657.316,-28.700399999999995,16,0,Low Value
AD-10180,30,8,6106.88,1869.9294,40,2,High Value
AF-10870,42,7,2052.908,317.9712,51,3,Regular
AF-10885,416,4,861.565,-163.1175,37,1,At-Risk
AG-10270,279,5,2582.898,732.7399,58,0,Low Value
AG-10300,119,4,367.548,59.288399999999996,16,0,Low Value
AG-10330,9,5,660.972,-5.137100000000006,47,0,Low Value
AG-10390,115,5,200.945,69.2784,33,0,Low Value
AG-10495,79,8,2356.855,295.6668,93,3,Regular
AG-10525,846,4,1455.038,-152.7613,33,1,At-Risk
AG-10675,98,7,3489.0396000000005,-246.42570000000003,54,3,Regular
AG-10765,78,4,170.584,-8.431000000000001,20,0,Low Value
AG-10900,97,10,4510.797,343.6824,92,3,Regular
AH-10030,13,7,1744.7,365.2152,54,3,Regular
AH-10075,35,10,3250.337,281.189,75,3,Regular
AH-10120,61,7,1735.5140000000001,-2.3145999999999773,65,3,Regular
AH-10195,56,4,1587.452,-378.5509,28,0,Low Value
AH-10210,7,9,4805.344,1308.5546,53,3,Regular
AH-10465,231,5,2495.3916,-196.12009999999998,35,0,Low Value
AH-10585,22,4,738.504,83.96300000000001,17,0,Low Value
AH-10690,411,12,7888.294,1298.0166,102,2,High Value
AI-10855,14,10,4375.786,867.7271000000001,72,3,Regular
AJ-10780,76,7,4867.344,150.71300000000005,62,3,Regular
AJ-10795,167,7,4501.391,1158.7064,88,3,Regular
AJ-10945,86,7,1839.24,521.1351999999999,40,0,Low Value
AJ-10960,75,3,629.2479999999999,60.4265,22,0,Low Value
AM-10360,29,5,814.012,194.9878,48,0,Low Value
AM-10705,163,8,5664.022,1085.7326,81,3,Regular
AO-10810,502,1,161.28,12.096,2,1,At-Risk
AP-10720,42,8,1638.554,285.7888,85,3,Regular
AP-10915,99,10,3323.556,579.3113,102,3,Regular
AR-10345,112,4,1055.694,-221.0544,18,0,Low Value
AR-10405,126,5,2236.128,-98.7646,29,0,Low Value
AR-10510,15,5,264.86400000000003,43.6695,33,0,Low Value
AR-10540,7,6,6608.448,2884.6208,33,2,High Value
AR-10570,535,1,88.15,32.633,6,1,At-Risk
AR-10825,59,8,4523.336,494.83519999999993,54,3,Regular
AS-10045,89,7,3050.692,-253.57459999999998,48,0,Low Value
AS-10090,29,9,3255.31,64.53739999999998,81,3,Regular
AS-10135,42,2,58.82,21.8496,9,0,Low Value
AS-10225,23,5,4260.784,719.7751000000001,41,0,Low Value
AS-10240,193,7,584.6080000000001,33.715799999999994,39,0,Low Value
AS-10285,20,6,3214.236,354.62760000000003,39,0,Low Value
AS-10630,93,7,833.398,136.49190000000002,34,0,Low Value
AT-10435,22,6,1171.814,100.87680000000002,28,0,Low Value
AT-10735,14,10,3831.864,974.107,60,3,Regular
AW-10840,21,4,649.376,65.77250000000001,24,0,Low Value
AW-10930,47,7,2852.968,-104.5486,68,3,Regular
AY-10555,15,4,497.014,103.3499,34,0,Low Value
AZ-10750,161,6,1622.018,154.9503,40,0,Low Value
BB-10990,106,5,744.3399999999999,11.583900000000007,26,0,Low Value
BB-11545,29,9,6765.728,1015.0749999999999,83,3,Regular
BC-11125,203,9,2933.676,251.5974,60,3,Regular
BD-11320,34,12,5718.521,1094.5037,75,3,Regular
BD-11500,36,6,4411.2429999999995,1142.1225,49,3,Regular
BD-11560,279,2,320.54,116.714,11,1,At-Risk
BD-11605,98,7,3288.471,634.8463,74,3,Regular
BD-11620,70,6,1538.11,206.75689999999997,27,0,Low Value
BD-11635,10,3,582.646,141.53400000000002,19,0,Low Value
BD-11725,94,6,1526.5,333.9791,29,0,Low Value
BD-11770,328,6,658.466,141.265,21,0,Low Value
BE-11335,120,5,4204.676,1487.7739000000001,35,0,Low Value
BE-11410,99,5,2261.438,755.9150999999999,19,0,Low Value
BE-11455,255,6,1727.652,139.20080000000002,40,0,Low Value
BF-10975,92,7,599.798,227.4384,38,0,Low Value
BF-11005,40,4,1333.88,-291.38109999999995,26,0,Low Value
BF-11020,75,8,2888.506,302.02,78,3,Regular
BF-11080,26,3,272.95,110.9272,29,0,Low Value
BF-11170,17,11,5907.972,1538.2127,102,2,High Value
BF-11215,66,4,1585.162,523.2133,48,0,Low Value
BF-11275,58,3,791.9899999999999,25.870199999999997,11,0,Low Value
BG-11035,29,8,2798.948,-711.4274,35,0,Low Value
BG-11695,37,6,1874.172,107.5715,24,0,Low Value
BG-11740,58,6,1006.356,119.34790000000001,22,0,Low Value
BH-11710,24,8,6255.351,802.7898,97,3,Regular
BK-11260,78,6,659.1379999999999,-63.764399999999995,58,0,Low Value
BM-11140,308,4,11789.63,-1659.9580999999998,64,3,Regular
BM-11575,101,6,808.162,95.58160000000001,22,0,Low Value
BM-11650,34,11,7294.185,2199.2781,95,2,High Value
BM-11785,219,10,1338.842,137.7439,44,3,Regular
BN-11470,25,4,265.296,36.6131,15,0,Low Value
BN-11515,10,5,1459.344,340.7054,79,3,Regular
BO-11350,138,5,2682.728,278.77700000000004,43,0,Low Value
BO-11425,76,2,130.83,59.4522,7,0,Low Value
BP-11050,84,5,983.42,209.78300000000002,30,0,Low Value
BP-11095,18,12,2442.044,433.9751,70,3,Regular
BP-11155,90,6,1697.8609999999999,647.3847000000001,32,0,Low Value
BP-11185,2,9,3675.861,363.5991,69,3,Regular
BP-11230,40,5,1181.49,-197.2695,14,0,Low Value
BP-11290,13,7,2475.157,-319.0637,51,0,Low Value
BS-11365,559,5,10501.653,2616.0643999999998,39,2,High Value
BS-11380,29,5,3887.834,-17.532200000000024,58,0,Low Value
BS-11590,36,6,2454.928,381.7807,41,0,Low Value
BS-11665,583,3,3288.1099999999997,238.73680000000002,47,1,At-Risk
BS-11755,2,7,2562.382,-113.29840000000003,45,0,Low Value
BS-11800,266,2,949.4300000000001,194.0516,22,0,Low Value
BT-11305,337,5,2567.656,417.5918,33,1,At-Risk
BT-11395,303,6,2186.6130000000003,257.9163,38,0,Low Value
BT-11440,561,4,603.876,-77.5256,16,1,At-Risk
BT-11485,660,2,415.19599999999997,126.8694,11,1,At-Risk
BT-11530,92,5,2684.4919999999997,409.4983,44,0,Low Value
BT-11680,21,7,3196.752,447.74839999999995,88,3,Regular
BV-11245,335,5,1523.2730000000001,315.2214,49,0,Low Value
BW-11065,213,3,385.516,-58.28659999999999,8,0,Low Value
BW-11110,122,8,4750.358,921.2574,74,3,Regular
BW-11200,204,6,1738.406,246.9973,49,0,Low Value
CA-11965,97,6,3789.7228,1143.3817,29,0,Low Value
CA-12055,402,5,1679.7240000000002,211.2559,49,1,At-Risk
CA-12265,57,9,2648.2872,279.6183,65,3,Regular
CA-12310,14,4,1421.954,246.02179999999998,25,0,Low Value
CA-12775,121,7,3041.566,204.48950000000002,72,3,Regular
CB-12025,48,10,6076.139,150.2089,122,3,Regular
CB-12415,27,8,1949.2,272.3883,44,3,Regular
CB-12535,198,8,4246.4555,1049.5601,74,3,Regular
CC-12100,458,6,1770.945,208.5912,46,1,At-Risk
CC-12145,107,7,2471.65,392.2825,31,0,Low Value
CC-12220,21,12,3913.418,393.9618,81,3,Regular
CC-12370,44,5,12129.072000000002,2177.0493,34,2,High Value
CC-12430,1,10,2870.05,424.6583,63,3,Regular
CC-12475,40,9,1659.438,154.851,40,3,Regular
CC-12550,28,3,113.832,33.870599999999996,14,0,Low Value
CC-12610,35,7,2540.631,331.434,39,0,Low Value
CC-12670,30,7,2269.7015,187.8399,47,0,Low Value
CC-12685,800,4,2854.1150000000002,850.1591,51,1,At-Risk
CD-11920,41,5,2033.968,426.661,35,0,Low Value
CD-11980,55,3,639.766,-206.7172,22,0,Low Value
CD-12280,43,2,1205.584,233.0274,39,0,Low Value
CD-12790,400,5,1860.732,403.8422,49,1,At-Risk
CG-12040,50,6,904.4680000000001,86.5106,37,0,Low Value
CG-12520,339,3,1148.7800000000002,169.93439999999998,14,1,At-Risk
CH-12070,692,3,1537.236,195.15109999999999,13,1,At-Risk
CJ-11875,366,1,16.52,1.652,5,1,At-Risk
CJ-12010,190,8,11164.974,858.7414,83,2,High Value
CK-12205,40,13,3154.855,141.2831,122,3,Regular
CK-12325,121,5,2945.321,261.22090000000003,46,0,Low Value
CK-12595,44,11,2372.75,497.70980000000003,108,3,Regular
CK-12760,83,9,1582.109,-338.4311,64,3,Regular
CL-11890,107,4,1262.0140000000001,328.0847,24,0,Low Value
CL-12565,285,12,10880.546,1933.7830999999999,106,2,High Value
CL-12700,106,5,2353.586,229.00990000000002,34,0,Low Value
CM-11815,132,6,1673.888,214.463,38,0,Low Value
CM-11935,709,2,565.392,-43.732400000000005,18,1,At-Risk
CM-12115,9,4,1661.6100000000001,409.0679,35,0,Low Value
CM-12160,27,6,2533.314,-394.3686,23,0,Low Value
CM-12190,9,6,1475.144,91.2033,21,0,Low Value
CM-12235,386,5,2305.712,365.0387,28,1,At-Risk
CM-12385,38,4,8954.019999999999,3899.8903999999998,34,2,High Value
CM-12445,437,3,287.99,64.4296,32,1,At-Risk
CM-12655,28,6,6339.5576,1572.4585,42,2,High Value
CM-12715,1036,4,3984.4524,176.3108,57,1,At-Risk
CP-12085,83,8,5402.254,427.0258,57,3,Regular
CP-12340,161,8,5888.275,-1850.3029000000001,59,3,Regular
CR-12580,58,4,2148.852,74.40129999999999,32,0,Low Value
CR-12625,471,3,475.9,144.7594,14,1,At-Risk
CR-12730,79,4,1600.55,306.9176,18,0,Low Value
CR-12820,86,3,1397.8724,83.27029999999999,26,0,Low Value
CS-11845,92,5,1278.954,185.3776,22,0,Low Value
CS-11860,163,6,537.632,105.8275,16,0,Low Value
CS-11950,26,11,3036.547,-126.4223,68,3,Regular
CS-12130,490,4,884.64,143.8339,28,1,At-Risk
CS-12175,233,5,844.4580000000001,113.1405,30,0,Low Value
CS-12250,27,12,2754.216,738.3626,97,3,Regular
CS-12355,7,11,3202.1620000000003,831.9432,74,3,Regular
CS-12400,3,9,3651.8585000000003,-342.80330000000004,47,3,Regular
CS-12460,28,2,550.644,156.2593,13,0,Low Value
CS-12490,425,4,1077.2285,-302.8761,33,1,At-Risk
CS-12505,59,6,5690.054999999999,-6626.389499999999,40,0,Low Value
CT-11995,97,8,3241.898,161.22629999999995,60,3,Regular
CV-12295,255,5,2830.6279999999997,493.0861,54,0,Low Value
CV-12805,6,9,2370.3136,98.99749999999999,62,3,Regular
CW-11905,23,6,1136.592,370.8298,40,0,Low Value
CY-12745,61,8,2900.026,60.64670000000001,43,3,Regular
Co-12640,550,5,1300.076,205.62820000000002,30,1,At-Risk
DA-13450,353,4,156.76,56.7904,27,1,At-Risk
DB-12910,22,8,2171.599,431.3748,47,3,Regular
DB-12970,242,5,2839.2272,213.00289999999998,43,0,Low Value
DB-13060,17,7,4531.646,473.0272,48,3,Regular
DB-13120,49,7,2973.094,-1421.7692,59,3,Regular
DB-13210,10,10,2332.577,169.9679,75,3,Regular
DB-13270,54,8,4655.897,841.8263999999999,52,3,Regular
DB-13360,265,5,1081.466,291.0085,28,0,Low Value
DB-13405,188,4,1711.692,438.9092,62,0,Low Value
DB-13555,108,7,3908.8028,109.32700000000001,61,3,Regular
DB-13615,34,7,1989.05,438.80119999999994,41,0,Low Value
DB-13660,13,7,1155.202,177.67350000000002,33,0,Low Value
DC-12850,38,9,3336.168,-1441.6312999999998,64,3,Regular
DC-13285,24,5,1174.618,132.06820000000002,37,0,Low Value
DD-13570,42,6,269.542,36.4344,33,0,Low Value
DE-13255,720,5,2550.874,464.47139999999996,38,1,At-Risk
DF-13135,701,3,2390.534,-259.3097,23,1,At-Risk
DG-13300,33,5,3195.818,562.7761,39,0,Low Value
DH-13075,278,6,4932.872,1193.7404,81,3,Regular
DH-13675,777,4,1043.096,116.667,41,1,At-Risk
DJ-13420,638,4,2012.52,483.03499999999997,20,1,At-Risk
DJ-13510,49,8,2501.6879999999996,345.2521,52,3,Regular
DJ-13630,13,3,3356.398,731.5644,43,0,Low Value
DK-12835,22,12,3256.48,881.1228000000001,86,3,Regular
DK-12895,46,5,4282.176,937.6496,65,3,Regular
DK-12985,8,5,1687.04,-107.35379999999998,32,0,Low Value
DK-13090,43,7,2650.557,536.3935,33,0,Low Value
DK-13150,11,2,797.832,249.9447,20,0,Low Value
DK-13225,11,9,4802.394,209.89940000000004,70,3,Regular
DK-13375,20,8,3318.486,377.0799,77,3,Regular
DL-12865,101,8,1503.112,322.2449,51,3,Regular
DL-12925,58,6,3272.2,4.213200000000029,43,0,Low Value
DL-13315,23,8,1458.258,288.8732,74,3,Regular
DL-13330,58,4,585.02,222.6812,32,0,Low Value
DL-13495,77,8,3539.322,-52.78799999999997,33,0,Low Value
DM-12955,115,7,1322.034,108.7583,28,0,Low Value
DM-13015,58,7,6345.103,1677.3931,87,2,High Value
DM-13345,23,8,4074.4719999999998,1319.0586,41,3,Regular
DM-13525,482,3,1376.792,199.7688,33,1,At-Risk
DN-13690,218,7,2139.79,540.5405000000001,41,0,Low Value
DO-13435,134,9,1300.0315,-38.90860000000001,48,3,Regular
DO-13645,27,7,1267.316,294.0676,36,0,Low Value
DP-13000,127,9,1050.636,241.4524,58,3,Regular
DP-13105,7,8,2215.002,563.1761,63,3,Regular
DP-13165,813,2,1058.616,-40.93759999999999,20,1,At-Risk
DP-13390,359,9,5480.723999999999,1571.8318,50,3,Regular
DR-12880,4,9,6528.034000000001,1641.8613,103,2,High Value
DR-12940,51,8,8350.868,2869.0759999999996,57,2,High Value
DS-13030,94,4,1762.213,193.3319,54,0,Low Value
DS-13180,24,9,2881.8128,163.6993,68,3,Regular
DV-13045,20,5,1119.483,-427.184,28,0,Low Value
DV-13465,30,6,3341.587,353.2127,62,3,Regular
DW-13195,70,6,1080.751,-86.87379999999999,39,0,Low Value
DW-13480,218,5,5271.628,1348.7556,38,0,Low Value
DW-13540,99,5,344.08,69.6672,21,0,Low Value
DW-13585,243,7,1204.854,-266.8966,44,0,Low Value
Dl-13600,120,5,755.602,175.2388,19,0,Low Value
Dp-13240,85,11,7198.7609999999995,333.36479999999995,99,3,Regular
EA-14035,153,13,2846.705,-52.74059999999998,87,3,Regular
EB-13705,49,9,3644.978,13.621500000000005,55,3,Regular
EB-13750,36,10,3236.314,-80.28599999999999,91,3,Regular
EB-13840,91,5,4358.128,656.1988,41,0,Low Value
EB-13870,101,10,2767.219,261.5315,41,3,Regular
EB-13930,162,5,944.6000000000001,0.6042000000000058,24,0,Low Value
EB-13975,1,4,1643.255,162.8781,18,0,Low Value
EB-14110,114,6,3071.126,184.7656,30,0,Low Value
EB-14170,83,6,1186.326,282.1701,20,0,Low Value
EC-14050,54,5,461.914,96.4256,37,0,Low Value
ED-13885,136,8,3484.92,670.4435000000001,54,3,Regular
EG-13900,23,5,1832.02,104.2656,44,0,Low Value
EH-13765,136,12,10310.880000000001,1393.5154,120,2,High Value
EH-13945,218,8,684.1709999999999,53.53980000000001,72,3,Regular
EH-13990,406,6,825.9499999999999,150.3759,20,1,At-Risk
EH-14005,3,7,1219.53,-94.14079999999997,50,0,Low Value
EH-14125,153,10,3082.653,96.27019999999999,76,3,Regular
EH-14185,106,6,923.884,242.1107,22,0,Low Value
EJ-13720,303,4,2162.174,387.0176,31,0,Low Value
EJ-14155,58,5,2656.691,451.87550000000005,31,0,Low Value
EK-13795,45,4,1303.478,97.10659999999999,18,0,Low Value
EL-13735,78,2,124.28,27.1154,9,0,Low Value
EM-13810,133,5,2567.0099999999998,-133.8275,23,0,Low Value
EM-13825,56,8,2339.598,682.5541999999999,57,3,Regular
EM-13960,152,5,933.704,102.29599999999999,18,0,Low Value
EM-14065,48,4,228.99,40.15459999999999,22,0,Low Value
EM-14095,114,4,1041.0420000000001,240.2362,34,0,Low Value
EM-14140,49,6,4588.436000000001,1319.3655,74,3,Regular
EM-14200,159,3,366.822,21.7721,13,0,Low Value
EN-13780,288,4,2199.366,496.1131,27,0,Low Value
EP-13915,13,17,5478.0608,144.95780000000005,124,3,Regular
ER-13855,422,3,1245.788,-295.7398,27,1,At-Risk
ES-14020,41,5,3510.4579999999996,1003.2935,31,0,Low Value
ES-14080,29,9,4657.924,246.6661,77,3,Regular
FA-14230,98,7,2984.054,520.5229,58,3,Regular
FC-14245,71,7,3418.742,1217.1662000000001,50,3,Regular
FC-14335,185,7,3889.366,714.2926,37,0,Low Value
FG-14260,35,7,1383.144,394.73969999999997,48,0,Low Value
FH-14275,38,10,4256.272,1073.2676,65,3,Regular
FH-14350,213,4,2271.284,706.289,52,0,Low Value
FH-14365,6,8,6987.196,2050.2826,52,2,High Value
FM-14215,8,10,2456.638,249.6808,48,3,Regular
FM-14290,37,9,3736.198,198.10949999999997,79,3,Regular
FM-14380,146,9,2523.266,191.4898,53,3,Regular
FO-14305,39,10,2678.438,215.59689999999998,60,3,Regular
FP-14320,24,8,4046.746,406.44730000000004,54,3,Regular
FW-14395,363,3,79.75,23.491300000000003,9,1,At-Risk
GA-14515,150,8,3919.7760000000003,840.899,48,3,Regular
GA-14725,6,11,1398.382,136.70790000000002,79,3,Regular
GB-14530,63,11,1568.44,7.837100000000003,62,3,Regular
GB-14575,14,5,4716.288,1135.8393,63,3,Regular
GD-14590,6,4,1888.07,230.93729999999996,25,0,Low Value
GG-14650,44,9,2224.0,12.698500000000008,92,3,Regular
GH-14410,76,9,2819.4669999999996,-576.8335,65,3,Regular
GH-14425,51,4,4172.8460000000005,1176.4181,51,0,Low Value
GH-14485,388,2,1361.2440000000001,-95.4498,15,1,At-Risk
GH-14665,3,2,146.94080000000002,-5.810200000000001,9,0,Low Value
GK-14620,113,9,6497.27,1448.5525,66,2,High Value
GM-14440,84,7,3582.8199999999997,347.266,43,0,Low Value
GM-14455,17,6,3078.624,793.2814000000001,54,3,Regular
GM-14500,107,10,1255.682,441.3185,53,3,Regular
GM-14680,153,6,3163.628,35.48649999999999,31,0,Low Value
GM-14695,118,3,6049.966,188.7235,44,0,Low Value
GP-14740,766,2,236.53,31.837600000000002,21,1,At-Risk
GR-14560,1136,2,1284.38,359.83320000000003,23,1,At-Risk
GT-14635,57,3,9351.212,-4108.6589,26,0,Low Value
GT-14710,37,11,11820.119999999999,2163.4269,106,2,High Value
GT-14755,35,4,226.436,-6.139200000000002,23,0,Low Value
GW-14605,29,7,2189.019,-268.54229999999995,43,0,Low Value
GZ-14470,8,9,4355.150000000001,1087.7539,48,3,Regular
GZ-14545,158,4,2454.6220000000003,828.661,25,0,Low Value
HA-14905,70,7,2163.3,270.8574,45,0,Low Value
HA-14920,21,8,2584.158,99.1445,72,3,Regular
HD-14785,770,3,251.36,-135.87599999999998,31,1,At-Risk
HE-14800,13,4,883.5319999999999,274.4028,44,0,Low Value
HF-14995,22,7,2533.1639999999998,-13.876799999999989,70,3,Regular
HG-14845,55,5,785.628,147.0032,31,0,Low Value
HG-14965,24,12,3247.642,-2797.9635000000003,68,3,Regular
HG-15025,7,7,3690.284,804.6113,38,0,Low Value
HH-15010,73,2,218.668,86.7342,20,0,Low Value
HJ-14875,127,5,358.1,98.6548,21,0,Low Value
HK-14890,152,8,4877.784,956.9451,64,3,Regular
HL-15040,44,6,12873.297999999999,5622.4292000000005,50,2,High Value
HM-14860,3,10,8236.7648,2437.9836,76,2,High Value
HM-14980,248,4,736.276,117.2755,29,0,Low Value
HP-14815,31,7,1990.314,373.8637,44,0,Low Value
HR-14770,14,5,1299.288,185.5794,38,0,Low Value
HR-14830,160,7,5248.787,1196.9504,51,3,Regular
HW-14935,118,8,9300.254,2164.1611,85,2,High Value
HZ-14950,36,5,886.52,-130.3879,21,0,Low Value
IG-15085,72,4,744.574,320.4982,19,0,Low Value
IL-15100,143,7,5040.736,1121.937,60,3,Regular
IM-15055,410,3,2872.63,975.7701,19,1,At-Risk
IM-15070,391,7,4930.474,514.6527,93,3,Regular
JA-15970,93,8,6491.026,-819.4217000000001,87,3,Regular
JB-15400,8,10,1791.605,156.05319999999998,43,3,Regular
JB-15925,738,3,900.552,-286.9808,32,1,At-Risk
JB-16000,44,7,644.1188,126.76490000000001,32,0,Low Value
JB-16045,8,5,2518.115,201.51850000000002,32,0,Low Value
JC-15340,115,4,71.263,-0.35560000000000036,12,0,Low Value
JC-15385,176,1,1058.108,502.92440000000005,14,0,Low Value
JC-15775,159,9,2772.055,279.56919999999997,64,3,Regular
JC-16105,58,5,858.576,201.5952,43,0,Low Value
JD-15790,118,5,2152.352,-266.55249999999995,26,0,Low Value
JD-15895,395,11,7610.8640000000005,1050.2667999999999,150,2,High Value
JD-16015,113,6,385.43,26.7605,39,0,Low Value
JD-16060,301,3,695.442,111.11410000000001,17,1,At-Risk
JD-16150,42,8,8828.0305,1619.5199,60,2,High Value
JE-15475,194,6,1388.682,276.2197,49,0,Low Value
JE-15610,49,7,7754.976,1623.4019,74,2,High Value
JE-15715,47,10,8697.842999999999,1262.2926,97,2,High Value
JE-15745,52,13,6760.8150000000005,221.79670000000002,90,3,Regular
JE-16165,21,3,2697.248,789.6476,34,0,Low Value
JF-15190,66,7,2279.5860000000002,575.1259,72,3,Regular
JF-15295,226,5,955.124,97.28899999999999,42,0,Low Value
JF-15355,106,6,1911.844,330.199,58,0,Low Value
JF-15415,3,6,2371.448,635.6376,69,3,Regular
JF-15490,122,11,1082.918,-18.06730000000001,36,3,Regular
JF-15565,55,8,4198.332,1073.2088,67,3,Regular
JG-15115,759,3,2358.676,684.1911,20,1,At-Risk
JG-15160,2,11,6366.392,1415.6664,70,3,Regular
JG-15310,3,6,2240.58,3.7976000000000063,46,0,Low Value
JG-15805,224,6,1507.018,206.1019,46,0,Low Value
JH-15430,6,4,309.281,-24.077100000000005,29,0,Low Value
JH-15820,175,6,528.91,26.082199999999997,29,0,Low Value
JH-15910,42,7,959.477,-13.554499999999996,35,0,Low Value
JH-15985,30,6,7954.9980000000005,-644.6982,64,3,Regular
JH-16180,405,4,2256.3940000000002,-96.95300000000002,28,1,At-Risk
JJ-15445,484,5,709.178,200.5558,25,1,At-Risk
JJ-15760,754,2,195.0,34.449200000000005,11,1,At-Risk
JK-15205,62,5,4427.142,1219.983,67,3,Regular
JK-15325,288,3,383.812,55.32769999999999,15,1,At-Risk
JK-15370,45,8,2709.632,330.2838,72,3,Regular
JK-15625,62,7,3760.028,750.9485,44,3,Regular
JK-15640,181,9,4760.434,1172.5303,41,3,Regular
JK-15730,85,10,4867.2,55.0483,88,3,Regular
JK-16090,29,3,3747.668,586.6625,43,0,Low Value
JK-16120,118,10,2932.484,122.6566,49,3,Regular
JL-15130,9,6,1214.956,-207.79559999999998,42,0,Low Value
JL-15175,7,5,1571.523,209.2817,29,0,Low Value
JL-15235,120,5,2203.7,54.51740000000002,39,0,Low Value
JL-15505,50,6,3173.874,591.7163,56,3,Regular
JL-15835,22,11,9799.923,228.907,143,2,High Value
JL-15850,615,6,2725.256,779.9046,38,1,At-Risk
JM-15250,38,6,3159.1220000000003,19.82350000000004,91,3,Regular
JM-15265,38,5,1804.146,502.6143,52,0,Low Value
JM-15535,103,7,1733.443,356.5395,46,0,Low Value
JM-15580,1,5,303.948,113.1204,26,0,Low Value
JM-15655,9,5,864.947,117.20400000000001,41,0,Low Value
JM-15865,110,7,7625.076000000001,1574.6163999999999,50,2,High Value
JM-16195,58,10,2833.9260000000004,754.1144,74,3,Regular
JO-15145,58,9,3254.949,581.4045,59,3,Regular
JO-15280,93,6,1934.272,202.13619999999997,36,0,Low Value
JO-15550,216,5,1090.838,167.6709,42,0,Low Value
JP-15460,38,7,1669.135,429.7465,54,3,Regular
JP-15520,9,7,3635.594,757.1802,63,3,Regular
JP-16135,103,9,1707.71,309.7116,47,3,Regular
JR-15670,594,2,1156.658,-785.1645,14,1,At-Risk
JR-15700,69,1,863.88,107.985,3,0,Low Value
JR-16210,34,5,2201.686,452.37300000000005,41,0,Low Value
JS-15595,120,4,1417.654,-175.54899999999998,35,0,Low Value
JS-15685,43,4,1131.0639999999999,-54.8692,42,0,Low Value
JS-15880,535,5,3868.02,564.9798000000001,43,1,At-Risk
JS-15940,464,5,469.169,-327.9336,37,1,At-Risk
JS-16030,29,6,2516.494,-311.25749999999994,70,3,Regular
JW-15220,43,6,7721.714,2173.7093999999997,66,2,High Value
JW-15955,6,7,1244.086,-29.575899999999987,41,0,Low Value
JW-16075,462,4,1428.731,154.06369999999998,38,1,At-Risk
KA-16525,37,7,1519.506,234.9194,57,3,Regular
KB-16240,5,7,3152.6150000000002,763.9076,34,0,Low Value
KB-16315,297,9,1569.464,49.71929999999999,62,3,Regular
KB-16405,118,3,908.821,274.297,25,0,Low Value
KB-16585,231,12,2744.742,579.3551,102,3,Regular
KB-16600,2,7,983.922,293.55240000000003,29,0,Low Value
KC-16255,408,6,2120.954,846.1217,40,1,At-Risk
KC-16540,98,4,3908.262,709.4219,28,0,Low Value
KC-16675,58,4,1146.05,156.7797,40,0,Low Value
KD-16270,485,5,8282.358,1107.6952000000003,64,2,High Value
KD-16345,42,6,1888.964,328.5942,36,0,Low Value
KD-16495,113,12,8181.256,3038.6254,84,2,High Value
KD-16615,290,5,2243.5099999999998,539.7219,56,0,Low Value
KE-16420,27,8,1686.7312,397.87989999999996,67,3,Regular
KF-16285,98,7,10604.266,1660.1386,67,2,High Value
KH-16330,41,8,3312.864,454.7871,70,3,Regular
KH-16360,2,6,3100.612,528.2051,40,0,Low Value
KH-16510,23,7,5952.859,656.1162,91,3,Regular
KH-16630,59,9,3918.9660000000003,727.3786,84,3,Regular
KH-16690,3,7,5990.799,1227.5091,69,3,Regular
KL-16555,17,8,5016.488,-182.78130000000002,84,3,Regular
KL-16645,48,12,14175.229000000001,806.855,113,2,High Value
KM-16225,15,6,2260.958,635.1057000000001,72,3,Regular
KM-16375,57,8,5620.186,973.7901999999999,69,3,Regular
KM-16660,16,5,453.538,91.1391,30,0,Low Value
KM-16720,29,8,4909.472,745.7685,98,3,Regular
KN-16390,20,9,2617.272,-151.1518,56,3,Regular
KN-16450,53,5,2171.962,114.3083,49,0,Low Value
KN-16705,99,8,2280.58,329.76250000000005,55,3,Regular
KS-16300,296,3,88.472,0.11099999999999888,10,1,At-Risk
KT-16465,392,7,3057.1,254.0032,45,1,At-Risk
KT-16480,101,10,4642.088400000001,194.0671,37,3,Regular
KW-16435,97,5,4416.5199999999995,1756.135,42,0,Low Value
KW-16570,772,4,449.096,107.92699999999999,22,1,At-Risk
LA-16780,155,11,8673.222,2059.1199,105,2,High Value
LB-16735,49,3,50.188,18.6507,12,0,Low Value
LB-16795,153,8,4985.676,-52.19099999999998,76,3,Regular
LC-16870,28,8,2580.7039999999997,-188.25110000000004,113,3,Regular
LC-16885,17,12,7663.126,1288.3469,93,2,High Value
LC-16930,42,8,4492.946,288.26599999999996,52,3,Regular
LC-16960,437,4,3246.626,299.48019999999997,30,1,At-Risk
LC-17050,55,5,2095.064,86.77799999999999,43,0,Low Value
LC-17140,14,9,2633.582,231.12520000000004,62,3,Regular
LD-16855,553,1,5.304,0.4641,3,1,At-Risk
LD-17005,415,4,1961.934,557.1714,25,1,At-Risk
LE-16810,22,6,1469.45,161.76489999999998,32,0,Low Value
LF-17185,23,7,3930.5089999999996,-3583.977,69,3,Regular
LH-16750,152,3,287.426,12.627699999999999,12,0,Low Value
LH-16900,22,9,2295.332,526.0727,64,3,Regular
LH-17020,240,4,318.239,-242.73989999999998,34,0,Low Value
LH-17155,386,9,1739.689,316.5202,44,3,Regular
LL-16840,250,6,2741.2039999999997,560.0078,50,0,Low Value
LM-17065,392,5,1346.774,-44.87799999999999,32,1,At-Risk
LO-17170,3,5,644.35,150.1712,34,0,Low Value
LP-17080,41,4,756.606,110.7813,39,0,Low Value
LP-17095,10,7,3653.399,338.44539999999995,52,3,Regular
LR-16915,27,6,5142.892,535.4764,64,3,Regular
LR-17035,133,5,1879.306,-382.8079,44,0,Low Value
LS-16945,179,6,2845.27,-318.77369999999996,51,0,Low Value
LS-16975,21,9,2988.674,262.63669999999996,63,3,Regular
LS-17200,97,6,1010.2560000000001,244.197,54,0,Low Value
LS-17230,778,3,368.88000000000005,39.1952,16,1,At-Risk
LS-17245,35,6,1008.1360000000001,348.3584,47,0,Low Value
LT-16765,27,3,329.876,59.036,8,0,Low Value
LT-17110,35,8,2936.252,320.973,63,3,Regular
LW-16825,89,5,2238.061,32.5767,50,0,Low Value
LW-16990,34,6,3230.308,662.8339000000001,38,0,Low Value
LW-17125,206,3,1259.04,192.6312,15,0,Low Value
LW-17215,22,7,5420.514,837.2411,59,3,Regular
MA-17560,65,11,4299.161,1240.2266,117,3,Regular
MA-17995,187,6,2453.284,280.7822,42,0,Low Value
MB-17305,49,10,1548.702,212.425,63,3,Regular
MB-18085,45,7,1428.231,117.8057,39,0,Low Value
MC-17275,77,8,2725.982,461.0014,54,3,Regular
MC-17425,400,5,4432.138,1802.3903,48,1,At-Risk
MC-17575,28,8,1303.893,210.7493,40,0,Low Value
MC-17590,52,6,2426.067,288.98409999999996,47,0,Low Value
MC-17605,113,8,2258.192,195.4486,60,3,Regular
MC-17635,190,4,795.154,-247.94350000000003,33,0,Low Value
MC-17845,2,7,3805.714,698.4174,45,3,Regular
MC-18100,42,10,2218.98,-64.1668,73,3,Regular
MC-18130,370,5,1581.9979999999998,121.7565,34,1,At-Risk
MD-17350,118,7,3766.382,-241.94999999999996,64,3,Regular
MD-17860,37,5,1204.91,-4.040300000000002,45,0,Low Value
ME-17320,43,10,10663.728000000001,1859.4695,82,2,High Value
ME-17725,29,8,1908.4532,77.81280000000001,46,3,Regular
ME-18010,93,4,1256.944,107.3604,15,0,Low Value
MF-17665,422,5,937.039,-341.52650000000006,36,1,At-Risk
MF-18250,8,5,1758.3,456.86080000000004,38,0,Low Value
MG-17650,30,7,3785.276,341.898,57,3,Regular
MG-17680,93,4,2350.188,25.888599999999972,25,0,Low Value
MG-17695,556,3,1342.282,-398.79319999999996,23,1,At-Risk
MG-17875,117,5,1242.8329999999999,-470.7684,23,0,Low Value
MG-17890,100,9,776.384,171.7372,35,0,Low Value
MG-18145,85,4,3061.543,-93.603,42,0,Low Value
MG-18205,265,1,16.739,-1.2453,8,1,At-Risk
MH-17290,120,6,2394.025,28.761200000000038,55,0,Low Value
MH-17440,377,4,400.016,61.428599999999996,25,1,At-Risk
MH-17455,86,8,2456.1820000000002,484.77330000000006,45,3,Regular
MH-17620,156,4,1252.8,122.3612,19,0,Low Value
MH-17785,99,7,2203.7780000000002,238.5614,42,0,Low Value
MH-18025,50,5,2984.948,476.9032,31,0,Low Value
MH-18115,6,9,5503.093,170.9746,79,3,Regular
MJ-17740,23,7,6320.746,1054.5529000000001,50,3,Regular
MK-17905,29,8,2302.368,-405.3559,73,3,Regular
MK-18160,241,4,1031.602,227.83380000000002,43,0,Low Value
ML-17395,70,9,2722.843,684.9162,72,3,Regular
ML-17410,55,6,2921.5,-76.17550000000003,51,0,Low Value
ML-17755,30,7,2071.9139999999998,409.51120000000003,53,3,Regular
ML-18040,80,3,742.082,138.71620000000001,18,0,Low Value
ML-18265,101,2,162.232,42.6648,7,0,Low Value
MM-17260,169,4,1314.023,178.402,17,0,Low Value
MM-17920,8,11,3794.0800000000004,82.12499999999997,68,3,Regular
MM-18055,62,8,2749.881,-520.3443,73,3,Regular
MM-18280,86,9,775.414,58.8916,32,0,Low Value
MN-17935,35,6,2477.946,290.8227,36,0,Low Value
MO-17500,73,4,922.487,59.357699999999994,15,0,Low Value
MO-17800,105,8,1687.0269999999998,169.34369999999998,49,3,Regular
MO-17950,181,2,154.288,-82.0074,14,0,Low Value
MP-17470,720,7,3206.132,600.2873,77,1,At-Risk
MP-17965,73,9,3983.6420000000003,638.1563,62,3,Regular
MP-18175,17,9,5087.92,226.4529,78,3,Regular
MR-17545,126,4,639.178,162.9363,29,0,Low Value
MS-17365,274,10,7443.6900000000005,844.9354999999998,105,2,High Value
MS-17530,435,4,475.65599999999995,84.0268,21,1,At-Risk
MS-17710,414,6,1613.402,247.4348,48,1,At-Risk
MS-17770,122,9,3144.678,280.85839999999996,73,3,Regular
MS-17830,453,4,370.348,19.431199999999997,14,1,At-Risk
MS-17980,27,6,855.116,55.226,49,0,Low Value
MT-17815,50,6,2890.139,509.0068,31,0,Low Value
MT-18070,204,4,1319.4498,-23.676300000000005,44,0,Low Value
MV-17485,28,9,1560.05,189.0258,52,3,Regular
MV-18190,20,7,1734.574,273.8582,37,0,Low Value
MW-18220,18,7,5341.900000000001,1238.422,51,3,Regular
MW-18235,45,2,5253.876,1665.516,13,0,Low Value
MY-17380,30,7,2254.285,319.1211,49,0,Low Value
MY-18295,72,11,4152.696,-371.7111,89,3,Regular
MZ-17335,31,4,593.606,85.01910000000001,11,0,Low Value
MZ-17515,283,6,2564.906,787.7503,39,0,Low Value
NB-18580,1166,2,273.87199999999996,24.788800000000002,7,1,At-Risk
NB-18655,20,9,1972.599,117.6429,64,3,Regular
NC-18340,225,5,2461.404,580.3075,54,0,Low Value
NC-18415,42,6,2218.9900000000002,-2204.8072,38,0,Low Value
NC-18535,7,7,8241.739,1314.758,64,2,High Value
NC-18625,205,5,1821.742,-359.02099999999996,29,0,Low Value
ND-18370,28,9,4326.139,353.64549999999997,63,3,Regular
ND-18460,184,6,2893.455,443.33680000000004,36,0,Low Value
NF-18385,80,7,8322.826,-1695.9714,52,3,Regular
NF-18475,526,4,377.16200000000003,85.92779999999999,13,1,At-Risk
NF-18595,115,7,2031.472,388.2131,55,3,Regular
NG-18355,49,5,1869.58,313.63349999999997,45,0,Low Value
NG-18430,49,5,1395.9379999999999,217.0893,41,0,Low Value
NH-18610,190,7,2673.29,760.1666,52,3,Regular
NK-18490,71,7,572.048,121.2177,51,0,Low Value
NL-18310,59,4,1418.0900000000001,343.6381,44,0,Low Value
NM-18445,161,7,6459.344,2751.6848999999997,44,2,High Value
NM-18520,245,10,2161.979,788.9525000000001,60,3,Regular
NP-18325,26,6,5529.62,1208.8890000000001,77,3,Regular
NP-18670,59,5,3908.402,514.6002,46,0,Low Value
NP-18685,407,6,1228.698,514.5017,23,1,At-Risk
NP-18700,139,7,7903.1825,631.2282,63,3,Regular
NR-18550,211,5,2367.277,-25.148799999999966,37,0,Low Value
NS-18505,7,4,2575.863,-12.303999999999997,52,0,Low Value
NS-18640,175,13,2964.823,-234.7714,113,3,Regular
NW-18400,173,7,7234.014,1023.123,78,2,High Value
NZ-18565,86,9,2488.31,402.4236,77,3,Regular
ON-18715,411,9,1567.52,-5.88900000000001,58,3,Regular
OT-18730,66,5,3818.624,-925.1203,51,0,Low Value
PA-19060,104,6,729.408,225.8588,27,0,Low Value
PB-18805,26,3,740.356,229.2257,54,0,Low Value
PB-19105,58,4,688.324,218.15970000000002,18,0,Low Value
PB-19150,98,8,1456.95,280.6606,54,3,Regular
PB-19210,689,2,132.738,21.897000000000002,10,1,At-Risk
PC-18745,3,4,1832.064,272.685,22,0,Low Value
PC-19000,883,2,1061.488,-184.3364,18,1,At-Risk
PF-19120,836,4,9062.864,-614.2943000000001,75,1,At-Risk
PF-19165,197,6,2770.0,196.87389999999996,34,0,Low Value
PF-19225,115,5,2206.1279999999997,591.3118000000001,32,0,Low Value
PG-18820,37,13,3086.907,137.46130000000002,83,3,Regular
PG-18895,58,9,1987.164,334.5163,61,3,Regular
PH-18790,71,1,729.648,47.8878,6,0,Low Value
PJ-18835,40,8,1220.09,442.1355,46,3,Regular
PJ-19015,135,7,1824.2340000000002,682.9979000000001,25,0,Low Value
PK-18910,484,2,1441.152,-798.705,14,1,At-Risk
PK-19075,10,12,8646.934,2038.2676000000001,107,2,High Value
PL-18925,16,5,239.481,-0.7527000000000026,29,0,Low Value
PM-18940,387,3,1405.402,157.8768,16,1,At-Risk
PM-19135,52,4,4115.662,526.7537,36,0,Low Value
PN-18775,31,8,1467.152,192.0396,47,3,Regular
PO-18850,5,11,7473.8282,38.47569999999996,91,3,Regular
PO-18865,1,7,2493.214,437.8533,54,3,Regular
PO-19180,161,9,4893.043,1155.4331,65,3,Regular
PO-19195,87,5,1056.858,-49.70089999999999,32,0,Low Value
PP-18955,98,10,7252.608,1495.0854,138,2,High Value
PR-18880,37,5,1840.178,247.6226,43,0,Low Value
PS-18760,108,6,2181.479,-134.441,75,3,Regular
PS-18970,70,8,1278.639,198.5099,52,3,Regular
PS-19045,237,7,6843.634,1742.7296999999999,47,2,High Value
PT-19090,72,4,160.572,-20.0508,19,0,Low Value
PV-18985,90,5,2876.046,434.52840000000003,52,0,Low Value
PW-19030,47,10,3454.916,803.8169,48,3,Regular
PW-19240,465,7,3922.4150000000004,1290.354,39,1,At-Risk
QJ-19255,26,9,6108.338,1203.6768,61,3,Regular
RA-19285,6,9,2617.906,546.0882,58,3,Regular
RA-19885,44,7,3832.314,1292.8656,53,3,Regular
RA-19915,13,9,4793.543,304.8673,75,3,Regular
RA-19945,62,5,1686.9225,-445.695,27,0,Low Value
RB-19330,69,2,1008.1959999999999,-164.40619999999998,16,0,Low Value
RB-19360,97,6,15117.339,6976.0959,71,2,High Value
RB-19435,20,8,2663.0860000000002,477.23990000000003,66,3,Regular
RB-19465,10,12,4715.466,640.5466,85,3,Regular
RB-19570,26,5,528.546,76.8879,35,0,Low Value
RB-19645,649,5,221.084,72.679,29,1,At-Risk
RB-19705,55,4,2067.45,243.07549999999998,22,0,Low Value
RB-19795,33,8,5633.316000000001,-461.73319999999995,92,3,Regular
RC-19825,370,6,966.409,63.991400000000006,29,1,At-Risk
RC-19960,111,6,885.752,10.563300000000002,44,0,Low Value
RD-19480,73,8,4272.93,480.594,60,3,Regular
RD-19585,181,10,2912.8940000000002,734.5158,73,3,Regular
RD-19660,115,5,2786.632,835.772,23,0,Low Value
RD-19720,22,10,1419.737,207.3304,78,3,Regular
RD-19810,15,8,1137.616,318.4625,63,3,Regular
RD-19900,115,9,3133.924,455.5292,85,3,Regular
RD-19930,43,4,970.9420000000001,35.05740000000001,33,0,Low Value
RE-19405,1098,1,48.36,6.045,5,1,At-Risk
RE-19450,303,5,876.696,209.2294,47,0,Low Value
RF-19345,391,8,3309.15,633.7072000000001,67,3,Regular
RF-19735,90,7,2341.2960000000003,711.6168,53,3,Regular
RF-19840,7,8,945.222,280.0261,45,0,Low Value
RH-19495,33,5,3621.3759999999997,563.7877,38,0,Low Value
RH-19510,468,6,6979.18,1289.4535,43,1,At-Risk
RH-19555,520,2,740.382,0.30570000000000164,11,1,At-Risk
RH-19600,535,3,2085.7400000000002,172.6261,43,1,At-Risk
RK-19300,120,3,1460.192,269.688,29,0,Low Value
RL-19615,122,8,6234.91,488.14840000000004,101,3,Regular
RM-19375,346,6,1453.474,392.1499,29,1,At-Risk
RM-19675,7,5,5979.0960000000005,1902.5438000000001,39,2,High Value
RM-19750,300,1,98.35,28.6879,4,1,At-Risk
RO-19780,36,7,3815.478,-1262.5716000000002,48,0,Low Value
RP-19270,497,4,954.6452,59.538399999999996,47,1,At-Risk
RP-19390,34,12,5153.084,465.25030000000015,88,3,Regular
RP-19855,29,8,2170.716,594.5868,61,3,Regular
RR-19315,20,2,615.932,-73.835,7,0,Low Value
RR-19525,171,6,3302.2619999999997,721.6826,36,0,Low Value
RS-19420,77,5,3221.29,633.4513999999999,29,0,Low Value
RS-19765,37,8,4159.7699999999995,1206.3851,54,3,Regular
RS-19870,20,2,22.328,9.5838,10,0,Low Value
RW-19540,121,7,7397.401,1586.6273,89,2,High Value
RW-19630,90,9,3279.746,698.8325,53,3,Regular
RW-19690,80,5,3495.646,707.5503,61,0,Low Value
SA-20830,64,10,4767.3415,610.1496000000001,75,3,Regular
SB-20170,202,3,1348.02,157.6658,24,0,Low Value
SB-20185,189,6,6410.996,885.4623999999999,45,3,Regular
SB-20290,48,7,8057.891,-2082.7451,84,3,Regular
SC-20020,782,5,3362.9636,-317.0508,62,1,At-Risk
SC-20050,41,9,4624.572,1011.7443,61,3,Regular
SC-20095,350,9,14142.333999999999,5757.411899999999,87,2,High Value
SC-20230,150,4,4371.9580000000005,440.14099999999996,49,0,Low Value
SC-20260,188,8,3729.7929999999997,671.0033999999999,63,3,Regular
SC-20305,30,7,3979.065,229.1617,64,3,Regular
SC-20380,31,9,5992.536,236.66149999999996,80,3,Regular
SC-20440,37,7,1874.998,379.5611,44,0,Low Value
SC-20575,93,5,902.7280000000001,100.2253,30,0,Low Value
SC-20680,127,6,1254.64,370.1578,26,0,Low Value
SC-20695,90,10,2576.408,611.8291,66,3,Regular
SC-20725,188,11,5226.21,1276.6513,133,3,Regular
SC-20770,42,7,4492.657,-671.1874,75,3,Regular
SC-20800,31,4,279.25600000000003,51.8252,11,0,Low Value
SC-20845,132,2,280.632,31.1757,13,0,Low Value
SD-20485,201,9,6121.114,1985.1671999999999,82,2,High Value
SE-20110,10,11,12209.438000000002,2650.6769,78,2,High Value
SF-20065,60,7,763.5459999999999,228.1623,35,0,Low Value
SF-20200,60,9,3422.7859999999996,286.9046,74,3,Regular
SF-20965,49,9,3336.535,539.9352,66,3,Regular
SG-20080,9,3,3406.5809999999997,570.438,30,0,Low Value
SG-20470,184,8,1884.798,-119.0105,62,3,Regular
SG-20605,109,6,3124.832,463.269,49,0,Low Value
SG-20890,227,3,47.946,-3.7073,17,0,Low Value
SH-19975,30,13,3406.8395,558.4739999999999,113,3,Regular
SH-20395,24,10,2180.718,-144.5229,45,3,Regular
SH-20635,766,2,2096.392,260.6258,16,1,At-Risk
SJ-20125,96,12,3949.656,144.1189,104,3,Regular
SJ-20215,30,6,1341.036,-23.5137,35,0,Low Value
SJ-20500,254,5,1318.776,68.09629999999999,30,0,Low Value
SK-19990,9,3,883.409,168.7933,19,0,Low Value
SL-20155,71,7,3053.012,527.9715,30,0,Low Value
SM-20005,422,4,244.49399999999997,-26.5927,26,1,At-Risk
SM-20320,80,5,25043.05,-1980.7393,50,2,High Value
SM-20905,607,1,1043.041,-237.2885,20,1,At-Risk
SM-20950,26,12,5563.392,581.5741999999999,94,3,Regular
SN-20560,112,6,1860.418,-716.8565000000001,67,0,Low Value
SN-20710,80,7,3127.9592,481.74989999999997,89,3,Regular
SO-20335,30,6,2602.5755,-81.0858,52,0,Low Value
SP-20545,328,6,1306.086,-118.77570000000001,43,0,Low Value
SP-20620,48,9,5440.319,-270.42819999999995,77,3,Regular
SP-20650,387,9,1872.4360000000001,268.4782,71,3,Regular
SP-20860,80,10,4282.94,566.7226,80,3,Regular
SP-20920,71,6,3990.689,14.692400000000003,57,3,Regular
SR-20425,9,5,3233.481,-3333.9144,34,0,Low Value
SR-20740,197,8,4345.8859999999995,1990.4243999999999,50,3,Regular
SS-20140,16,8,1324.028,332.3487,86,3,Regular
SS-20410,111,6,3056.8070000000002,-1010.9738,46,0,Low Value
SS-20515,492,3,613.4,199.93449999999999,36,1,At-Risk
SS-20590,433,6,418.49,135.5401,17,1,At-Risk
SS-20875,121,5,964.636,-75.586,39,0,Low Value
ST-20530,126,7,433.34000000000003,84.4419,33,0,Low Value
SU-20665,21,7,2595.364,763.4719,61,3,Regular
SV-20365,102,10,11470.949999999999,1199.4242,109,2,High Value
SV-20785,321,9,4105.305,485.0272,91,3,Regular
SV-20815,77,4,1271.0900000000001,199.6502,24,0,Low Value
SV-20935,3,8,1903.491,106.8912,66,3,Regular
SW-20245,82,7,1085.078,-19.60620000000001,33,0,Low Value
SW-20275,31,6,1966.65,332.8725,28,0,Low Value
SW-20350,163,3,1019.044,95.8383,25,0,Low Value
SW-20455,163,7,2921.544,793.6548,18,0,Low Value
SW-20755,535,2,758.6959999999999,68.2416,27,1,At-Risk
SZ-20035,36,11,3625.329,366.43030000000005,69,3,Regular
TA-21385,70,4,14595.62,4703.7883,36,2,High Value
TB-21055,120,5,1467.881,390.2113,66,0,Low Value
TB-21175,59,4,3589.296,829.1635,36,0,Low Value
TB-21190,50,4,816.1740000000001,179.0038,23,0,Low Value
TB-21250,350,7,1602.376,260.6155,74,3,Regular
TB-21280,584,6,2198.45,490.9567,35,1,At-Risk
TB-21355,147,5,834.328,268.967,44,0,Low Value
TB-21400,203,7,9133.99,2798.3689,55,2,High Value
TB-21520,108,9,4737.486,-1603.0451,85,3,Regular
TB-21595,286,5,1387.559,-136.4091,29,0,Low Value
TB-21625,31,9,2797.668,379.882,60,3,Regular
TC-20980,400,5,19052.218,8981.323900000001,42,2,High Value
TC-21145,107,1,1038.26,265.5332,17,0,Low Value
TC-21295,28,8,4266.812,606.3727,63,3,Regular
TC-21475,154,9,1244.976,119.104,45,3,Regular
TC-21535,5,7,742.5580000000001,217.933,28,0,Low Value
TD-20995,38,9,1434.5480000000002,88.1897,67,3,Regular
TG-21310,338,5,3058.372,682.1704,30,1,At-Risk
TG-21640,115,4,2074.661,365.7205,50,0,Low Value
TH-21100,345,5,2422.824,-135.2125,29,1,At-Risk
TH-21115,59,4,2942.772,-252.5539,29,0,Low Value
TH-21235,118,8,1022.201,92.729,40,0,Low Value
TH-21550,73,7,4234.0960000000005,-571.9678,44,0,Low Value
TM-21010,104,8,2955.2259999999997,573.3013,67,3,Regular
TM-21490,131,3,1094.6779999999999,292.52099999999996,12,0,Low Value
TN-21040,91,7,3130.221,-692.0452,48,0,Low Value
TP-21130,9,9,4454.0560000000005,1129.1261,55,3,Regular
TP-21415,105,5,5329.0048,-1087.3898,39,0,Low Value
TP-21565,351,4,1936.6399999999999,139.22869999999995,48,1,At-Risk
TR-21325,194,5,675.9419999999999,220.36440000000002,22,0,Low Value
TS-21085,358,2,4.833,-3.3156,4,1,At-Risk
TS-21160,505,6,2163.6240000000003,260.87440000000004,60,1,At-Risk
TS-21205,199,7,5371.09,862.8877,67,3,Regular
TS-21340,227,5,974.7819999999999,-184.97889999999998,51,0,Low Value
TS-21370,37,6,11891.751,2371.7144000000003,59,2,High Value
TS-21430,173,5,2054.14,48.70169999999999,31,0,Low Value
TS-21505,12,6,2243.274,11.377899999999983,54,0,Low Value
TS-21610,56,7,2820.424,-294.6981,44,0,Low Value
TS-21655,239,5,3368.094,220.91629999999998,52,0,Low Value
TT-21070,32,7,4915.602,751.9567,66,3,Regular
TT-21220,184,8,1427.0439999999999,278.7371,55,3,Regular
TT-21265,407,3,439.5,93.9162,8,1,At-Risk
TT-21460,13,7,5364.808,1124.4999,48,3,Regular
TW-21025,65,7,5278.826,737.3905,57,3,Regular
TZ-21580,36,4,1707.286,224.8887,30,0,Low Value
VB-21745,55,6,2005.596,371.2398,37,0,Low Value
VD-21670,582,6,6442.254,1617.7874000000002,71,2,High Value
VF-21715,14,5,847.944,-96.27799999999999,35,0,Low Value
VG-21790,155,6,846.01,143.6268,32,0,Low Value
VG-21805,287,5,427.372,-52.333,16,0,Low Value
VM-21685,55,7,2454.866,513.5269,37,0,Low Value
VM-21835,118,5,380.69,116.6373,25,0,Low Value
VP-21730,31,3,993.9019999999999,205.3888,18,0,Low Value
VP-21760,76,7,3360.526,-1018.7768,65,3,Regular
VS-21820,222,4,1055.981,-262.8093,38,0,Low Value
VT-21700,1001,2,1736.596,-224.08889999999997,42,1,At-Risk
VW-21775,29,10,6134.0380000000005,-874.6645,77,3,Regular
WB-21850,21,11,6160.102,714.3311,146,3,Regular
XP-21865,44,11,2374.658,621.23,100,3,Regular
YC-21895,5,5,5454.35,1305.629,31,0,Low Value
YS-21880,10,8,6720.4439999999995,1778.2923,58,2,High Value
ZC-21910,55,13,8025.707,-1032.1490000000001,105,3,Regular
ZD-21925,203,5,1493.944,249.1307,32,0,Low Value
