Row ID,Order ID,Order Date,Ship Date,Ship Mode,Customer ID,Customer Name,Segment,Country,City,State,Postal Code,Region,Product ID,Category,Sub-Category,Product Name,Sales,Quantity,Discount,Profit,Year,Month,Month Name,Quarter,Profit Margin,Shipping Delay,Discount Bucket,Order Day of Week,Category_enc,Sub_Category_enc,Region_enc,Segment_enc,Anomaly,Anomaly_Score,Is_Anomaly
7773,CA-2016-108196,2016-11-25,2016-12-02,Standard Class,CS-12505,Cindy Stewart,Consumer,United States,Lancaster,Ohio,43130,East,TEC-MA-10000418,Technology,Machines,Cubify CubeX 3D Printer Double Head Print,4499.985,5,0.7,-6599.978,2016,11,November,4,-146.66666666666669,7,high,Friday,2,11,1,0,-1,-0.12343677889497873,True
684,US-2017-168116,2017-11-04,2017-11-04,Same Day,GT-14635,Grant Thornton,Corporate,United States,Burlington,North Carolina,27217,South,TEC-MA-10004125,Technology,Machines,Cubify CubeX 3D Printer Triple Head Print,7999.98,4,0.5,-3839.9904,2017,11,November,4,-48.00000000000001,0,high,Saturday,2,11,2,1,-1,-0.12767472038685967,True
9775,CA-2014-169019,2014-07-26,2014-07-30,Standard Class,LF-17185,Luke Foster,Consumer,United States,San Antonio,Texas,78207,Central,OFF-BI-10004995,Office Supplies,Binders,GBC DocuBind P400 Electric Binding System,2177.584,8,0.8,-3701.8928,2014,7,July,3,-170.00000000000003,4,high,Saturday,1,3,0,0,-1,-0.11262556896238507,True
3012,CA-2017-134845,2017-04-17,2017-04-23,Standard Class,SR-20425,Sharelle Roach,Home Office,United States,Louisville,Colorado,80027,West,TEC-MA-10000822,Technology,Machines,Lexmark MX611dhe Monochrome Laser Printer,2549.985,5,0.7,-3399.98,2017,4,April,2,-133.33333333333331,6,high,Monday,2,11,3,2,-1,-0.10245794313002621,True
4992,US-2017-122714,2017-12-07,2017-12-13,Standard Class,HG-14965,Henry Goldwyn,Corporate,United States,Chicago,Illinois,60653,Central,OFF-BI-10001120,Office Supplies,Binders,Ibico EPK-21 Electric Binding System,1889.99,5,0.8,-2929.4845,2017,12,December,4,-155.0,6,high,Thursday,1,3,0,1,-1,-0.09825439285453952,True
3152,CA-2015-147830,2015-12-15,2015-12-18,First Class,NF-18385,Natalie Fritzler,Consumer,United States,Newark,Ohio,43055,East,TEC-MA-10000418,Technology,Machines,Cubify CubeX 3D Printer Double Head Print,1799.994,2,0.7,-2639.9912,2015,12,December,4,-146.66666666666669,3,high,Tuesday,2,11,1,0,-1,-0.09910416571037928,True
5311,CA-2017-131254,2017-11-19,2017-11-21,First Class,NC-18415,Nathan Cano,Consumer,United States,Houston,Texas,77095,Central,OFF-BI-10003527,Office Supplies,Binders,Fellowes PB500 Electric Punch Plastic Comb Binding Machine with Manual Bind,1525.188,6,0.8,-2287.782,2017,11,November,4,-150.0,2,high,Sunday,1,3,0,0,-1,-0.08676955936379005,True
9640,CA-2015-116638,2015-01-28,2015-01-31,Second Class,JH-15985,Joseph Holt,Consumer,United States,Concord,North Carolina,28027,South,FUR-TA-10000198,Furniture,Tables,Chromcraft Bull-Nose Wood Oval Conference Tables & Bases,4297.644,13,0.4,-1862.3124,2015,1,January,1,-43.33333333333333,3,medium,Wednesday,0,16,2,0,-1,-0.13724733070531125,True
1200,CA-2016-130946,2016-04-08,2016-04-12,Standard Class,ZC-21910,Zuschuss Carroll,Consumer,United States,Houston,Texas,77041,Central,OFF-BI-10004995,Office Supplies,Binders,GBC DocuBind P400 Electric Binding System,1088.792,4,0.8,-1850.9464,2016,4,April,2,-170.00000000000003,4,high,Friday,1,3,0,0,-1,-0.07212846110613957,True
2698,CA-2014-145317,2014-03-18,2014-03-23,Standard Class,SM-20320,Sean Miller,Home Office,United States,Jacksonville,Florida,32216,South,TEC-MA-10002412,Technology,Machines,Cisco TelePresence System EX90 Videoconferencing Unit,22638.48,6,0.5,-1811.0784,2014,3,March,1,-8.0,5,high,Tuesday,2,11,2,2,-1,-0.12461106102054864,True
28,US-2015-150630,2015-09-17,2015-09-21,Standard Class,TB-21520,Tracy Blumstein,Consumer,United States,Philadelphia,Pennsylvania,19140,East,FUR-BO-10004834,Furniture,Bookcases,"Riverside Palais Royal Lawyers Bookcase, Royale Cherry Finish",3083.43,7,0.5,-1665.0522,2015,9,September,3,-54.0,4,high,Thursday,0,4,1,0,-1,-0.09361975130680567,True
3325,CA-2014-165309,2014-11-11,2014-11-15,Standard Class,KD-16270,Karen Daniels,Consumer,United States,Houston,Texas,77095,Central,OFF-BI-10001359,Office Supplies,Binders,GBC DocuBind TL300 Electric Binding System,896.99,5,0.8,-1480.0335,2014,11,November,4,-165.0,4,high,Tuesday,1,3,0,0,-1,-0.05883795839992012,True
166,CA-2014-139892,2014-09-08,2014-09-12,Standard Class,BM-11140,Becky Martin,Consumer,United States,San Antonio,Texas,78207,Central,TEC-MA-10000822,Technology,Machines,Lexmark MX611dhe Monochrome Laser Printer,8159.952,8,0.4,-1359.992,2014,9,September,3,-16.666666666666664,4,medium,Monday,2,11,0,0,-1,-0.11975190276743419,True
2929,US-2017-120390,2017-10-19,2017-10-26,Standard Class,TH-21550,Tracy Hopkins,Home Office,United States,Burlington,North Carolina,27217,South,OFF-BI-10004995,Office Supplies,Binders,GBC DocuBind P400 Electric Binding System,1633.188,4,0.7,-1306.5504,2017,10,October,4,-80.0,7,high,Thursday,1,3,2,2,-1,-0.07221505679010587,True
7899,CA-2017-128363,2017-08-13,2017-08-18,Standard Class,DC-12850,Dan Campbell,Consumer,United States,Memphis,Tennessee,38109,South,OFF-BI-10001359,Office Supplies,Binders,GBC DocuBind TL300 Electric Binding System,1614.582,6,0.7,-1237.8462,2017,8,August,3,-76.66666666666666,5,high,Sunday,1,3,2,0,-1,-0.07114176703966268,True
4821,CA-2015-140025,2015-04-07,2015-04-11,Standard Class,PF-19120,Peter Fuller,Consumer,United States,San Antonio,Texas,78207,Central,OFF-AP-10002651,Office Supplies,Appliances,Hoover Upright Vacuum With Dirt Cup,463.248,8,0.8,-1181.2824,2015,4,April,2,-255.00000000000003,4,high,Tuesday,1,1,0,0,-1,-0.06519738964040234,True
2847,CA-2017-152093,2017-09-10,2017-09-15,Standard Class,SN-20560,Skye Norling,Home Office,United States,Chicago,Illinois,60653,Central,OFF-BI-10003527,Office Supplies,Binders,Fellowes PB500 Electric Punch Plastic Comb Binding Machine with Manual Bind,762.594,3,0.8,-1143.891,2017,9,September,3,-150.0,5,high,Sunday,1,3,0,2,-1,-0.05801481793140373,True
8641,US-2017-148551,2017-01-12,2017-01-16,Standard Class,DB-13120,David Bremer,Corporate,United States,Dallas,Texas,75217,Central,OFF-BI-10000545,Office Supplies,Binders,GBC Ibimaster 500 Manual ProClick Binding System,760.98,5,0.8,-1141.47,2017,1,January,1,-150.0,4,high,Thursday,1,3,0,1,-1,-0.05315311080470231,True
4356,CA-2015-155600,2015-12-04,2015-12-07,Second Class,RO-19780,Rose O'Brian,Consumer,United States,Clarksville,Tennessee,37042,South,OFF-BI-10000545,Office Supplies,Binders,GBC Ibimaster 500 Manual ProClick Binding System,1598.058,7,0.7,-1065.372,2015,12,December,4,-66.66666666666667,3,high,Friday,1,3,2,0,-1,-0.0705247610266817,True
1804,CA-2017-158379,2017-09-22,2017-09-26,Second Class,JA-15970,Joseph Airdo,Consumer,United States,Philadelphia,Pennsylvania,19134,East,OFF-SU-10002881,Office Supplies,Supplies,Martin Yale Chadless Opener Electric Letter Opener,4663.736,7,0.2,-1049.3406,2017,9,September,3,-22.5,4,low,Friday,1,15,1,0,-1,-0.07546770212751885,True
6049,CA-2015-105571,2015-11-07,2015-11-11,Standard Class,CP-12340,Christine Phan,Corporate,United States,Miami,Florida,33142,South,OFF-BI-10001359,Office Supplies,Binders,GBC DocuBind TL300 Electric Binding System,1345.485,5,0.7,-1031.5385,2015,11,November,4,-76.66666666666669,4,high,Saturday,1,3,2,1,-1,-0.05968898285202817,True
5321,US-2017-162558,2017-10-02,2017-10-05,First Class,Dp-13240,Dean percer,Home Office,United States,Knoxville,Tennessee,37918,South,FUR-TA-10000198,Furniture,Tables,Chromcraft Bull-Nose Wood Oval Conference Tables & Bases,2314.116,7,0.4,-1002.7836,2017,10,October,4,-43.333333333333336,3,medium,Monday,0,16,2,2,-1,-0.07356936101407618,True
8994,CA-2017-159100,2017-10-16,2017-10-21,Standard Class,VP-21760,Victoria Pisteka,Corporate,United States,Columbia,Tennessee,38401,South,FUR-TA-10001950,Furniture,Tables,Balt Solid Wood Round Tables,1875.258,7,0.4,-968.8833,2017,10,October,4,-51.66666666666666,5,medium,Monday,0,16,2,1,-1,-0.06289108721231274,True
216,CA-2015-146262,2015-01-02,2015-01-09,Standard Class,VW-21775,Victoria Wilson,Corporate,United States,Medina,Ohio,44256,East,TEC-MA-10000864,Technology,Machines,Cisco 9971 IP Video Phone Charcoal,1188.0,9,0.7,-950.4,2015,1,January,1,-80.0,7,high,Friday,2,11,1,1,-1,-0.07763626740425522,True
4129,CA-2014-127299,2014-09-19,2014-09-24,Standard Class,JL-15835,John Lee,Consumer,United States,Charlotte,North Carolina,28205,South,TEC-MA-10001127,Technology,Machines,"HP Designjet T520 Inkjet Large Format Printer - 24"" Color",2624.985,3,0.5,-944.9946,2014,9,September,3,-36.0,5,high,Friday,2,11,2,0,-1,-0.07714329387574947,True
7642,US-2016-157490,2016-10-06,2016-10-07,First Class,LB-16795,Laurel Beltran,Home Office,United States,Pueblo,Colorado,81001,West,TEC-MA-10001695,Technology,Machines,Zebra GK420t Direct Thermal/Thermal Transfer Printer,703.71,6,0.7,-938.28,2016,10,October,4,-133.33333333333331,1,high,Thursday,2,11,3,2,-1,-0.03600992442334139,True
2629,US-2017-165344,2017-11-13,2017-11-15,First Class,SB-20290,Sean Braxton,Corporate,United States,Springfield,Ohio,45503,East,TEC-MA-10002210,Technology,Machines,Epson TM-T88V Direct Thermal Printer - Monochrome - Desktop,652.995,7,0.7,-935.9595,2017,11,November,4,-143.33333333333334,2,high,Monday,2,11,1,1,-1,-0.03932105715463541,True
8633,CA-2016-107783,2016-07-28,2016-07-29,First Class,OT-18730,Olvera Toch,Consumer,United States,Bethlehem,Pennsylvania,18018,East,OFF-BI-10000545,Office Supplies,Binders,GBC Ibimaster 500 Manual ProClick Binding System,1369.764,6,0.7,-913.176,2016,7,July,3,-66.66666666666667,1,high,Thursday,1,3,1,0,-1,-0.057035198093215556,True
8209,CA-2015-141565,2015-09-20,2015-09-24,Standard Class,BG-11035,Barry Gonzalez,Consumer,United States,Nashville,Tennessee,37211,South,OFF-BI-10000545,Office Supplies,Binders,GBC Ibimaster 500 Manual ProClick Binding System,1369.764,6,0.7,-913.176,2015,9,September,3,-66.66666666666667,4,high,Sunday,1,3,2,0,-1,-0.057035198093215556,True
464,CA-2016-109869,2016-04-22,2016-04-29,Standard Class,TN-21040,Tanja Norvell,Home Office,United States,Phoenix,Arizona,85023,West,FUR-TA-10001889,Furniture,Tables,Bush Advantage Collection Racetrack Conference Table,1272.63,6,0.5,-814.4832,2016,4,April,2,-63.99999999999999,7,high,Friday,0,16,3,2,-1,-0.03453879742241173,True
1370,US-2015-103471,2015-12-24,2015-12-28,Standard Class,JR-15670,Jim Radford,Consumer,United States,Colorado Springs,Colorado,80906,West,FUR-BO-10002613,Furniture,Bookcases,"Atlantic Metals Mobile 4-Shelf Bookcases, Custom Colors",590.058,7,0.7,-786.744,2015,12,December,4,-133.33333333333334,4,high,Thursday,0,4,3,0,-1,-0.03257592015390487,True
5199,CA-2016-103982,2016-03-03,2016-03-08,Standard Class,AA-10315,Alex Avila,Consumer,United States,Round Rock,Texas,78664,Central,OFF-SU-10000151,Office Supplies,Supplies,High Speed Automatic Electric Letter Opener,3930.072,3,0.2,-786.0144,2016,3,March,1,-20.0,5,low,Thursday,1,15,0,0,-1,-0.046001921455589456,True
1996,US-2017-147221,2017-12-02,2017-12-04,Second Class,JS-16030,Joy Smith,Consumer,United States,Houston,Texas,77036,Central,OFF-AP-10002534,Office Supplies,Appliances,3.6 Cubic Foot Counter Height Office Refrigerator,294.62,5,0.8,-766.012,2017,12,December,4,-259.99999999999994,2,high,Saturday,1,1,0,0,-1,-0.03027837370172337,True
870,CA-2016-158099,2016-09-03,2016-09-05,First Class,PK-18910,Paul Knutson,Home Office,United States,Philadelphia,Pennsylvania,19143,East,OFF-BI-10000545,Office Supplies,Binders,GBC Ibimaster 500 Manual ProClick Binding System,1141.47,5,0.7,-760.98,2016,9,September,3,-66.66666666666666,2,high,Saturday,1,3,1,2,-1,-0.040835412550471406,True
6640,CA-2014-108609,2014-10-31,2014-11-02,Second Class,AJ-10780,Anthony Jacobs,Corporate,United States,Lorain,Ohio,44052,East,FUR-TA-10003954,Furniture,Tables,Hon 94000 Series Round Tables,1421.664,8,0.4,-734.5264,2014,10,October,4,-51.66666666666666,2,medium,Friday,0,16,1,1,-1,-0.04830518527407768,True
6263,CA-2016-132479,2016-09-24,2016-09-26,First Class,MK-17905,Michael Kennedy,Corporate,United States,Rockford,Illinois,61107,Central,OFF-BI-10004584,Office Supplies,Binders,GBC ProClick 150 Presentation Binding System,442.372,7,0.8,-729.9138,2016,9,September,3,-165.0,2,high,Saturday,1,3,0,1,-1,-0.04857827215254262,True
9232,CA-2014-148383,2014-12-27,2014-12-31,Standard Class,RP-19390,Resi Pölking,Consumer,United States,Phoenix,Arizona,85023,West,OFF-BI-10003650,Office Supplies,Binders,GBC DocuBind 300 Electric Binding Machine,946.764,6,0.7,-694.2936,2014,12,December,4,-73.33333333333333,4,high,Saturday,1,3,3,0,-1,-0.03351782852616858,True
5067,CA-2017-142090,2017-11-30,2017-12-07,Standard Class,SC-20380,Shahid Collister,Consumer,United States,Burlington,North Carolina,27217,South,FUR-TA-10001889,Furniture,Tables,Bush Advantage Collection Racetrack Conference Table,1781.682,7,0.4,-653.2834,2017,11,November,4,-36.66666666666667,7,medium,Thursday,0,16,2,0,-1,-0.042457457971267765,True
7423,US-2016-114013,2016-03-13,2016-03-15,Second Class,SC-20770,Stewart Carmichael,Corporate,United States,Philadelphia,Pennsylvania,19134,East,TEC-MA-10001148,Technology,Machines,Okidata MB491 Multifunction Printer,449.1,3,0.7,-643.71,2016,3,March,1,-143.33333333333334,2,high,Sunday,2,11,1,1,-1,-0.016392072803391722,True
7244,CA-2017-118892,2017-08-17,2017-08-22,Second Class,TP-21415,Tom Prescott,Consumer,United States,Philadelphia,Pennsylvania,19134,East,FUR-CH-10002024,Furniture,Chairs,HON 5400 Series Task Chairs for Big and Tall,4416.174,9,0.3,-630.882,2017,8,August,3,-14.285714285714285,5,medium,Thursday,0,5,1,0,-1,-0.08872875210615994,True
950,US-2017-110576,2017-11-28,2017-12-02,Standard Class,RB-19795,Ross Baird,Home Office,United States,Philadelphia,Pennsylvania,19120,East,FUR-TA-10004154,Furniture,Tables,"Riverside Furniture Oval Coffee Table, Oval End Table, End Table with Drawer",2065.32,12,0.4,-619.596,2017,11,November,4,-30.0,4,medium,Tuesday,0,16,1,2,-1,-0.09090455594817204,True
7647,US-2014-115196,2014-09-09,2014-09-13,Standard Class,DL-12925,Daniel Lacy,Consumer,United States,Greenville,North Carolina,27834,South,TEC-MA-10002073,Technology,Machines,"3D Systems Cube Printer, 2nd Generation, White",1299.99,2,0.5,-571.9956,2014,9,September,3,-43.99999999999999,4,high,Tuesday,2,11,2,0,-1,-0.030700962063876736,True
1714,US-2017-124968,2017-09-08,2017-09-13,Second Class,MM-18055,Michelle Moray,Consumer,United States,Chicago,Illinois,60610,Central,FUR-TA-10004289,Furniture,Tables,BoxOffice By Design Rectangular and Half-Moon Meeting Room Tables,765.625,7,0.5,-566.5625,2017,9,September,3,-74.0,5,high,Friday,0,16,0,0,-1,-0.0054946662896199205,True
1682,CA-2014-122882,2014-09-07,2014-09-13,Standard Class,SB-20290,Sean Braxton,Corporate,United States,Philadelphia,Pennsylvania,19134,East,TEC-MA-10004679,Technology,Machines,StarTech.com 10/100 VDSL2 Ethernet Extender Kit,399.54,4,0.7,-559.356,2014,9,September,3,-140.0,6,high,Sunday,2,11,1,1,-1,-0.009304788056036961,True
9481,CA-2014-126193,2014-09-07,2014-09-14,Standard Class,SS-20410,Shahid Shariari,Consumer,United States,Oswego,Illinois,60543,Central,OFF-BI-10004632,Office Supplies,Binders,Ibico Hi-Tech Manual Binding System,304.99,5,0.8,-533.7325,2014,9,September,3,-174.99999999999997,7,high,Sunday,1,3,0,0,-1,-0.019783167273922708,True
3520,CA-2015-124975,2015-06-22,2015-06-25,First Class,MG-17875,Michael Grace,Home Office,United States,Aurora,Illinois,60505,Central,FUR-TA-10002645,Furniture,Tables,Hon Rectangular Conference Tables,796.425,7,0.5,-525.6405,2015,6,June,2,-66.0,3,high,Monday,0,16,0,2,-1,-0.0026768999814248406,True
6036,US-2015-155369,2015-04-19,2015-04-25,Standard Class,PG-18820,Patrick Gardner,Consumer,United States,Carrollton,Texas,75007,Central,OFF-BI-10003925,Office Supplies,Binders,Fellowes PB300 Plastic Comb Binding Machine,310.392,4,0.8,-512.1468,2015,4,April,2,-165.0,6,high,Sunday,1,3,0,0,-1,-0.015029915136918759,True
263,US-2014-106992,2014-09-19,2014-09-21,Second Class,SB-20290,Sean Braxton,Corporate,United States,Houston,Texas,77036,Central,TEC-MA-10000822,Technology,Machines,Lexmark MX611dhe Monochrome Laser Printer,3059.982,3,0.4,-509.997,2014,9,September,3,-16.666666666666668,2,medium,Friday,2,11,0,1,-1,-0.052422625773887344,True
8181,CA-2015-119879,2015-11-21,2015-11-25,Standard Class,SS-20410,Shahid Shariari,Consumer,United States,Philadelphia,Pennsylvania,19120,East,FUR-TA-10002958,Furniture,Tables,"Bevis Oval Conference Table, Walnut",1252.704,8,0.4,-480.2032,2015,11,November,4,-38.333333333333336,4,medium,Saturday,0,16,1,0,-1,-0.0233943926104635,True
7282,CA-2017-159282,2017-10-16,2017-10-21,Standard Class,GH-14410,Gary Hansen,Home Office,United States,Yuma,Arizona,85364,West,TEC-MA-10001148,Technology,Machines,Swingline SM12-08 MicroCut Jam Free Shredder,599.985,5,0.7,-479.988,2017,10,October,4,-80.0,5,high,Monday,2,11,3,2,-1,-0.0046893346667401525,True
8252,CA-2015-140221,2015-03-05,2015-03-09,Second Class,MS-17365,Maribeth Schnelling,Consumer,United States,Chicago,Illinois,60653,Central,OFF-AP-10000828,Office Supplies,Appliances,Avanti 4.4 Cu. Ft. Refrigerator,180.98,5,0.8,-470.548,2015,3,March,1,-260.0,4,high,Thursday,1,1,0,0,-1,-0.0112209983694459,True
7650,CA-2015-101889,2015-12-27,2015-12-31,Standard Class,DB-13120,David Bremer,Corporate,United States,Marion,Ohio,43302,East,FUR-TA-10004154,Furniture,Tables,"Riverside Furniture Oval Coffee Table, Oval End Table, End Table with Drawer",1548.99,9,0.4,-464.697,2015,12,December,4,-30.0,4,medium,Sunday,0,16,1,1,-1,-0.04869294422206161,True
4498,CA-2017-155075,2017-12-02,2017-12-09,Standard Class,GW-14605,Giulietta Weimer,Consumer,United States,Philadelphia,Pennsylvania,19140,East,OFF-BI-10003650,Office Supplies,Binders,GBC DocuBind 300 Electric Binding Machine,631.176,4,0.7,-462.8624,2017,12,December,4,-73.33333333333333,7,high,Saturday,1,3,1,0,-1,-0.0013612171419091768,True
3724,US-2014-169789,2014-12-30,2015-01-04,Standard Class,MF-17665,Maureen Fritzler,Corporate,United States,Phoenix,Arizona,85023,West,OFF-BI-10004600,Office Supplies,Binders,Ibico Ibimaster 300 Manual Binding System,551.985,5,0.7,-459.9875,2014,12,December,4,-83.33333333333334,5,high,Tuesday,1,3,3,1,-1,-0.0046103595098930805,True
7349,CA-2014-130421,2014-03-03,2014-03-07,Standard Class,SC-20020,Sam Craven,Consumer,United States,Houston,Texas,77095,Central,OFF-AP-10002534,Office Supplies,Appliances,3.6 Cubic Foot Counter Height Office Refrigerator,176.772,3,0.8,-459.6072,2014,3,March,1,-260.0,4,high,Monday,1,1,0,0,-1,-0.005825093096859524,True
170,CA-2014-139892,2014-09-08,2014-09-12,Standard Class,BM-11140,Becky Martin,Consumer,United States,San Antonio,Texas,78207,Central,OFF-AP-10002518,Office Supplies,Appliances,Kensington 7 Outlet MasterPiece Power Center,177.98,5,0.8,-453.849,2014,9,September,3,-255.00000000000003,4,high,Monday,1,1,0,0,-1,-0.00930985555218844,True
2358,US-2014-148838,2014-03-17,2014-03-21,Standard Class,CP-12340,Christine Phan,Corporate,United States,New York City,New York,10024,East,FUR-TA-10003473,Furniture,Tables,Bretford Rectangular Conference Table Tops,1579.746,7,0.4,-447.5947,2014,3,March,1,-28.333333333333332,4,medium,Monday,0,16,1,1,-1,-0.0192412639375662,True
5056,CA-2015-141243,2015-01-03,2015-01-08,Second Class,AH-10465,Amy Hunt,Consumer,United States,Dallas,Texas,75217,Central,FUR-BO-10003272,Furniture,Bookcases,O'Sullivan Living Dimensions 5-Shelf Bookcases,1352.3976,9,0.32,-437.5404,2015,1,January,1,-32.35294117647059,5,medium,Saturday,0,4,0,0,-1,-0.031985195422788326,True
6567,CA-2017-131282,2017-02-05,2017-02-08,Second Class,CB-12025,Cassandra Brandow,Consumer,United States,Waco,Texas,76706,Central,OFF-BI-10004632,Office Supplies,Binders,Ibico Hi-Tech Manual Binding System,243.992,4,0.8,-426.986,2017,2,February,1,-175.0,3,high,Sunday,1,3,0,0,-1,-0.005355705407137257,True
3085,CA-2017-118773,2017-02-09,2017-02-14,Standard Class,TP-21415,Tom Prescott,Consumer,United States,Houston,Texas,77070,Central,OFF-BI-10004584,Office Supplies,Binders,GBC ProClick 150 Presentation Binding System,252.784,4,0.8,-417.0936,2017,2,February,1,-165.0,5,high,Thursday,1,3,0,0,-1,-0.00424542733399591,True
3460,CA-2017-136448,2017-09-16,2017-09-18,First Class,AS-10090,Adam Shillingsburg,Consumer,United States,Philadelphia,Pennsylvania,19143,East,OFF-BI-10001359,Office Supplies,Binders,GBC DocuBind TL300 Electric Binding System,538.194,2,0.7,-412.6154,2017,9,September,3,-76.66666666666667,2,high,Saturday,1,3,1,0,-1,-0.008339206292829915,True
342,CA-2014-122336,2014-04-13,2014-04-17,Second Class,JD-15895,Jonathan Doherty,Corporate,United States,Philadelphia,Pennsylvania,19140,East,OFF-BI-10003656,Office Supplies,Binders,Fellowes PB200 Plastic Comb Binding Machine,509.97,10,0.7,-407.976,2014,4,April,2,-80.0,4,high,Sunday,1,3,1,1,-1,-0.045352004644469646,True
9165,CA-2015-164007,2015-06-08,2015-06-12,Standard Class,MG-17695,Maureen Gnade,Consumer,United States,Chicago,Illinois,60610,Central,OFF-AP-10003849,Office Supplies,Appliances,Hoover Shoulder Vac Commercial Portable Vacuum,143.128,2,0.8,-393.602,2015,6,June,2,-275.0,4,high,Monday,1,1,0,0,-1,-0.003543818546543287,True
1220,US-2017-118087,2017-09-09,2017-09-13,Standard Class,SP-20620,Stefania Perrino,Corporate,United States,Philadelphia,Pennsylvania,19134,East,TEC-PH-10002200,Technology,Phones,Samsung Galaxy Note 2,1931.958,7,0.4,-386.3916,2017,9,September,3,-20.0,4,medium,Saturday,2,13,1,1,-1,-0.031775959717394,True
7510,US-2017-161935,2017-07-14,2017-07-18,Standard Class,JL-15835,John Lee,Consumer,United States,Columbus,Ohio,43229,East,TEC-PH-10000560,Technology,Phones,Samsung Galaxy S III - 16GB - pebble blue (T-Mobile),1889.946,9,0.4,-377.9892,2017,7,July,3,-20.0,4,medium,Friday,2,13,1,0,-1,-0.05224728584142602,True
7541,US-2017-112347,2017-12-02,2017-12-06,Standard Class,BS-11380,Bill Stewart,Corporate,United States,Denver,Colorado,80219,West,FUR-BO-10003546,Furniture,Bookcases,Hon 4-Shelf Metal Bookcases,242.352,8,0.7,-363.528,2017,12,December,4,-150.0,4,high,Saturday,0,4,3,1,-1,-0.0003200698575146488,True
1439,CA-2015-139731,2015-10-15,2015-10-15,Same Day,JE-15745,Joel Eaton,Consumer,United States,Amarillo,Texas,79109,Central,FUR-CH-10002024,Furniture,Chairs,HON 5400 Series Task Chairs for Big and Tall,2453.43,5,0.3,-350.49,2015,10,October,4,-14.285714285714288,0,medium,Thursday,0,5,0,0,-1,-0.018275605582444232,True
4230,CA-2017-100223,2017-07-05,2017-07-10,Standard Class,LS-16945,Linda Southworth,Corporate,United States,Dallas,Texas,75220,Central,FUR-FU-10003601,Furniture,Furnishings,"Deflect-o RollaMat Studded, Beveled Mat for Medium Pile Carpeting",332.028,9,0.6,-348.6294,2017,7,July,3,-104.99999999999999,5,high,Wednesday,0,9,0,1,-1,-0.01222705076758368,True
5630,US-2016-146066,2016-08-21,2016-08-23,Second Class,RB-19465,Rick Bensley,Home Office,United States,Philadelphia,Pennsylvania,19143,East,FUR-TA-10002530,Furniture,Tables,"Iceberg OfficeWorks 42"" Round Tables",815.292,9,0.4,-339.705,2016,8,August,3,-41.666666666666664,2,medium,Sunday,0,16,1,2,-1,-0.001957740301454125,True
1888,CA-2014-140165,2014-05-13,2014-05-15,First Class,EH-14005,Erica Hernandez,Home Office,United States,Hialeah,Florida,33012,South,OFF-BI-10004519,Office Supplies,Binders,GBC DocuBind P100 Manual Binding Machine,398.352,8,0.7,-331.96,2014,5,May,2,-83.33333333333334,2,high,Tuesday,1,3,2,2,-1,-0.004234394075509851,True
400,CA-2016-108987,2016-09-08,2016-09-10,Second Class,AG-10675,Anna Gayman,Consumer,United States,Houston,Texas,77036,Central,FUR-BO-10004834,Furniture,Bookcases,"Riverside Palais Royal Lawyers Bookcase, Royale Cherry Finish",2396.2656,4,0.32,-317.1528,2016,9,September,3,-13.23529411764706,2,medium,Thursday,0,4,0,0,-1,-0.01545015885101142,True
7784,CA-2016-162236,2016-11-04,2016-11-06,Second Class,ER-13855,Elpida Rittenbach,Corporate,United States,Charlotte,North Carolina,28205,South,FUR-TA-10002533,Furniture,Tables,BPI Conference Tables,876.3,10,0.4,-292.1,2016,11,November,4,-33.333333333333336,2,medium,Friday,0,16,2,1,-1,-0.01693961081336326,True
264,US-2014-106992,2014-09-19,2014-09-21,Second Class,SB-20290,Sean Braxton,Corporate,United States,Houston,Texas,77036,Central,TEC-MA-10003353,Technology,Machines,Xerox WorkCentre 6505DN Laser Multifunction Printer,2519.958,7,0.4,-251.9958,2014,9,September,3,-10.0,2,medium,Friday,2,11,0,1,-1,-0.02881428529390162,True
9591,CA-2014-119172,2014-05-11,2014-05-15,Standard Class,HD-14785,Harold Dahlen,Home Office,United States,Chicago,Illinois,60610,Central,OFF-BI-10002026,Office Supplies,Binders,Avery Arch Ring Binders,104.58,9,0.8,-172.557,2014,5,May,2,-165.0,4,high,Sunday,1,3,0,2,-1,-0.0038078115157877956,True
9022,CA-2015-129525,2015-11-15,2015-11-20,Standard Class,VP-21760,Victoria Pisteka,Corporate,United States,Toledo,Ohio,43615,East,OFF-BI-10002133,Office Supplies,Binders,"Wilson Jones Elliptical Ring 3 1/2"" Capacity Binders, 800 sheets",166.92,13,0.7,-116.844,2015,11,November,4,-70.0,5,high,Sunday,1,3,1,1,-1,-0.013810550778160402,True
6536,CA-2014-128209,2014-11-17,2014-11-22,Standard Class,GT-14710,Greg Tran,Consumer,United States,Buffalo,New York,14215,East,FUR-BO-10002213,Furniture,Bookcases,DMI Eclipse Executive Suite Bookcases,4007.84,10,0.2,-50.098,2014,11,November,4,-1.25,5,low,Monday,0,4,1,0,-1,-0.030765462654566034,True
